title,category,platform,poster_url,server2_url
Desi Girl Wants Me To Fuck Her Hardly,hot_series,hot_series,"https://ic-vt-nss.xhcdn.com/a/NDUxM2JiMTc3YzU2YWEzNzlmODg4YmZhYTk3NDU2YmQ/s(w:1280,h:720),webp/029/659/916/1280x720.17792465.jpg",https://streamoupload.xyz/embed-v75w1sesiokf.html
Behaya Part 2 2026 MoodX Hindi Web Series,hot_series,moodx,https://pullzoneeurope.b-cdn.net/posters/moodlofile/500x700-%20Behaya%20ep-2.jpg,https://streamoupload.xyz/embed-v75w1sesiokf.html
Mayamoham (2026) Season 1 Episode 4 (IBAMovies Originals),hot_series,hot_series,https://ingfree.website/ib/y1T4kKYF00.jpg,https://streamoupload.xyz/embed-v75w1sesiokf.html
Indian Mami Bhabi Sex Story Porn Videos,hot_series,hot_series,"https://ic-vt-nss.xhcdn.com/a/Mjc3OWNiZDM2MTg0ZTIwZDllMzVmOGU4YjllOGJiMmY/s(w:1280,h:720),webp/029/104/789/1280x720.17738787.jpg",https://streamoupload.xyz/embed-v75w1sesiokf.html
Husband Fucks Her Sad Big Boobs Wife To Relax Her,hot_series,hot_series,"https://ic-vt-nss.xhcdn.com/a/MTFiYzZjMDEyMzNjZDU1NjZmZDEzZjQzNjVhNjM2YzU/s(w:2560,h:1440),webp/027/011/701/v2/2560x1440.219.webp",https://streamoupload.xyz/embed-v75w1sesiokf.html
Fasal (2026) Season 1 Episode 4 (Dyzreplay),hot_series,hot_series,https://ingfree.website/ib/XfT91RSnEx.jpg,https://streamoupload.xyz/embed-v75w1sesiokf.html
Swapnadosh (2026) Season 1 Episode 5 (TinkuTV Originals),hot_series,hot_series,https://m.media-amazon.com/images/M/MV5BMGUxY2QyZjAtNDkzMi00NTJkLTg1ZGMtZjBiNjNlYTc0MTI0XkEyXkFqcGc@._V1_FMjpg_UX480_.jpg,https://streamoupload.xyz/embed-v75w1sesiokf.html
Tanmay Apartment (2026) Season 1 Episode 8 (Akku Originals),hot_series,hot_series,https://ingfree.website/ib/Z7gjYzJg9h.jpg,https://streamoupload.xyz/embed-v75w1sesiokf.html
Angel Priya (2026) Season 1 Part 1 (Atrangii Originals),hot_series,hot_series,https://ingfree.website/ib/wkQTvtbRi4.jpg,https://streamoupload.xyz/embed-v75w1sesiokf.html
Alone Night (2026) Vasna Hindi Hot Short Film,hot_series,hot_series,https://pbs.twimg.com/media/HDYPrU8aMAYdMw2.jpg,https://streamoupload.xyz/embed-v75w1sesiokf.html
Indian hot girl janvibhabhi was fucked by her husband,hot_series,hot_series,https://pix-egi.phncdn.com/c6371/videos/202510/15/26317505/original_26317505.mp4/plain/ex:1:no/bg:0:0:0/rs:fit:1280:720/vts:25?validfrom=1751342400&validto=4891363200&hash=bfUfSV0lKOIcELONCEaY9QZ1qnc=,https://streamoupload.xyz/embed-v75w1sesiokf.html
Chalak Buddha (2026) Season 2 Episode 3 (Akku Originals),hot_series,hot_series,https://ingfree.website/ib/mAwAa6lJsp.jpg,https://streamoupload.xyz/embed-v75w1sesiokf.html
Halinghing (2024) (Tagalog),hot_series,hot_series,https://m.media-amazon.com/images/M/MV5BNDZhMWE3OWYtMjgyNy00MzAwLTkxMmEtNjQ5ZGE4NWVkOGRlXkEyXkFqcGc@._V1_FMjpg_UY720_.jpg,https://streamoupload.xyz/embed-v75w1sesiokf.html
Uncle Fucker,hot_series,hot_series,https://imgs1cdn.adultempire.com/products/24/2598924h.jpg,https://streamoupload.xyz/embed-v75w1sesiokf.html
Ghapa ghap (2018) Season 1 Ullu Originals,hot_series,ullu,https://ingfree.website/ib/BJr4QySJtD.jpg,https://streamoupload.xyz/embed-v75w1sesiokf.html
Kathor (2023) Season 1 BoomMovies Originals,hot_series,hot_series,https://ingfree.website/ib/R6R9fUtK2q.jpg,https://streamoupload.xyz/embed-v75w1sesiokf.html
26 January (2019) Season 1 Ullu Originals,hot_series,ullu,https://m.media-amazon.com/images/M/MV5BMDgzYzUxNDUtZDkwNi00ZGEzLWI1OGYtYzgyNTM4YWY3NTAzXkEyXkFqcGdeQXVyNTE3ODI0ODM@._V1_FMjpg_UX1000_.jpg,https://streamoupload.xyz/embed-v75w1sesiokf.html
Mein Cum Besna (2022) InssaClub,hot_series,hot_series,https://ingfree.website/ib/3xVbYFpjqu.jpg,https://streamoupload.xyz/embed-v75w1sesiokf.html
Chachi No.1 (2023) Season 1 Part 2 (Ullu Originals),hot_series,ullu,https://ingfree.website/ib/evj4BDLW9t.jpg,https://streamoupload.xyz/embed-v75w1sesiokf.html
My Mother Prefers Young Men,hot_series,hot_series,https://imgs1cdn.adultempire.com/products/15/1860315h.jpg,https://streamoupload.xyz/embed-v75w1sesiokf.html
Ajab Raat Ki Gajab Kahaani (2022) Season 1 BoomMovies Originals,hot_series,hot_series,https://ingfree.website/ib/eBpMx3tWOl.png,https://streamoupload.xyz/embed-v75w1sesiokf.html
Jhumke (2022) Season 1 Ullu Originals,hot_series,ullu,https://ingfree.website/ib/7WPlDJeQ6s.png,https://streamoupload.xyz/embed-v75w1sesiokf.html
Wooh Aah Aah Fuck (2022) NiFlix Originals,hot_series,hot_series,https://ingfree.website/ib/xIrp5W7eLW.jpg,https://streamoupload.xyz/embed-v75w1sesiokf.html
Play Boy (2022) (Xtramood Originals) Uncut,hot_series,hot_series,https://ingfree.website/ib/GYMNG0voe3.jpg,https://streamoupload.xyz/embed-v75w1sesiokf.html
[CuckHunter] Eva Rojas (Gets Revenge With A Black BBC),hot_series,hot_series,https://degdumdjxfkja.cloudfront.net/fit-in/512x0/scene_thumbs/chi0273-1280x720-thumb.jpg,https://streamoupload.xyz/embed-v75w1sesiokf.html
Drilling Mommy 22,hot_series,hot_series,https://imgs1cdn.adultempire.com/products/35/5058235h.jpg,https://streamoupload.xyz/embed-v75w1sesiokf.html
"Dresses, Skirts And Panties",hot_series,hot_series,https://imgs1cdn.adultempire.com/products/00/5061000h.jpg,https://streamoupload.xyz/embed-v75w1sesiokf.html
The P-Luche Family Part 2,hot_series,hot_series,https://imgs1cdn.adultempire.com/products/94/5065494h.jpg,https://streamoupload.xyz/embed-v75w1sesiokf.html
Slim4K Massage 9,hot_series,hot_series,https://imgs1cdn.adultempire.com/products/81/5074181h.jpg,https://streamoupload.xyz/embed-v75w1sesiokf.html
Gigi Sweets in The Perfect Step Daughter,hot_series,hot_series,https://imgs1cdn.adultempire.com/products/40/5079440h.jpg,https://streamoupload.xyz/embed-v75w1sesiokf.html
THR3E 2,hot_series,hot_series,https://imgs1cdn.adultempire.com/products/42/4701742h.jpg,https://streamoupload.xyz/embed-v75w1sesiokf.html
Impulse V2,hot_series,hot_series,https://imgs1cdn.adultempire.com/products/67/3629267h.jpg,https://streamoupload.xyz/embed-v75w1sesiokf.html
Cougar Sightings 11,hot_series,hot_series,https://imgs1cdn.adultempire.com/products/59/3806959h.jpg,https://streamoupload.xyz/embed-v75w1sesiokf.html
Princess Cum Vol. 14,hot_series,hot_series,https://imgs1cdn.adultempire.com/products/29/3765429h.jpg,https://streamoupload.xyz/embed-v75w1sesiokf.html
Attractions,hot_series,hot_series,https://imgs1cdn.adultempire.com/products/71/4536171h.jpg,https://streamoupload.xyz/embed-v75w1sesiokf.html
Best of Blonds,hot_series,hot_series,https://imgs1cdn.adultempire.com/products/32/1687532h.jpg,https://streamoupload.xyz/embed-v75w1sesiokf.html
Mom & Dad Are Fucking My Friends Vol. 21,hot_series,hot_series,https://imgs1cdn.adultempire.com/products/68/2573168h.jpg,https://streamoupload.xyz/embed-v75w1sesiokf.html
Mama’s Cock Greedy Vol. 6,hot_series,hot_series,https://imgs1cdn.adultempire.com/products/97/1933497h.jpg,https://streamoupload.xyz/embed-v75w1sesiokf.html
Kama Sutra Seduction,hot_series,hot_series,https://imgs1cdn.adultempire.com/products/72/3300472h.jpg,https://streamoupload.xyz/embed-v75w1sesiokf.html
Hot Orgasms 2,hot_series,hot_series,https://imgs1cdn.adultempire.com/products/35/1920235h.jpg,https://streamoupload.xyz/embed-v75w1sesiokf.html
The Joy Of Anal Pleasure,hot_series,hot_series,https://imgs1cdn.adultempire.com/products/05/1975605h.jpg,https://streamoupload.xyz/embed-v75w1sesiokf.html
Anal Perfection 7,hot_series,hot_series,https://imgs1cdn.adultempire.com/products/10/2589910h.jpg,https://streamoupload.xyz/embed-v75w1sesiokf.html
Teen Temptations 2,hot_series,hot_series,https://imgs1cdn.adultempire.com/products/59/1707359h.jpg,https://streamoupload.xyz/embed-v75w1sesiokf.html
Big Titty Fucking Spa,hot_series,hot_series,https://imgs1cdn.adultempire.com/products/52/5041552h.jpg,https://streamoupload.xyz/embed-v75w1sesiokf.html
A Gift So Sinful,hot_series,hot_series,https://imgs1cdn.adultempire.com/products/98/5039098h.jpg,https://streamoupload.xyz/embed-v75w1sesiokf.html
Interracial Angels,hot_series,hot_series,https://imgs1cdn.adultempire.com/products/38/1721438h.jpg,https://streamoupload.xyz/embed-v75w1sesiokf.html
Top Double Penetrations Vol. 2,hot_series,hot_series,https://imgs1cdn.adultempire.com/products/92/4701792h.jpg,https://streamoupload.xyz/embed-v75w1sesiokf.html
The Swinger 3,hot_series,hot_series,https://imgs1cdn.adultempire.com/products/56/1668456h.jpg,https://streamoupload.xyz/embed-v75w1sesiokf.html
Let’s Play In POV,hot_series,hot_series,https://imgs1cdn.adultempire.com/products/61/3403861h.jpg,https://streamoupload.xyz/embed-v75w1sesiokf.html
The Silent Caller,hot_series,hot_series,https://imgs1cdn.adultempire.com/products/84/2670984h.jpg,https://streamoupload.xyz/embed-v75w1sesiokf.html
Without Reservations,hot_series,hot_series,https://imgs1cdn.adultempire.com/products/25/4709225h.jpg,https://streamoupload.xyz/embed-v75w1sesiokf.html
Size Does Matter 26,hot_series,hot_series,https://imgs1cdn.adultempire.com/products/16/3035416h.jpg,https://streamoupload.xyz/embed-v75w1sesiokf.html
Older And Bolder,hot_series,hot_series,https://imgs1cdn.adultempire.com/products/28/1966928h.jpg,https://streamoupload.xyz/embed-v75w1sesiokf.html
Transsexual Nurses 2,hot_series,hot_series,https://imgs1cdn.adultempire.com/products/16/2751516h.jpg,https://streamoupload.xyz/embed-v75w1sesiokf.html
Pornstar Confidential 3,hot_series,hot_series,https://imgs1cdn.adultempire.com/products/39/2653139h.jpg,https://streamoupload.xyz/embed-v75w1sesiokf.html
The Best Of Jenna Haze Vol. 2,hot_series,hot_series,https://imgs1cdn.adultempire.com/products/00/2535100h.jpg,https://streamoupload.xyz/embed-v75w1sesiokf.html
Desi Girl Wants Me To Fuck Her Hardly,hot_series,hot_series,"https://ic-vt-nss.xhcdn.com/a/NDUxM2JiMTc3YzU2YWEzNzlmODg4YmZhYTk3NDU2YmQ/s(w:1280,h:720),webp/029/659/916/1280x720.17792465.jpg",https://streamoupload.xyz/embed-v75w1sesiokf.html
Behaya Part 2 2026 MoodX Hindi Web Series,hot_series,moodx,https://pullzoneeurope.b-cdn.net/posters/moodlofile/500x700-%20Behaya%20ep-2.jpg,https://streamoupload.xyz/embed-v75w1sesiokf.html
Indian Mami Bhabi Sex Story Porn Videos,hot_series,hot_series,"https://ic-vt-nss.xhcdn.com/a/Mjc3OWNiZDM2MTg0ZTIwZDllMzVmOGU4YjllOGJiMmY/s(w:1280,h:720),webp/029/104/789/1280x720.17738787.jpg",https://streamoupload.xyz/embed-v75w1sesiokf.html
Husband Fucks Her Sad Big Boobs Wife To Relax Her,hot_series,hot_series,"https://ic-vt-nss.xhcdn.com/a/MTFiYzZjMDEyMzNjZDU1NjZmZDEzZjQzNjVhNjM2YzU/s(w:2560,h:1440),webp/027/011/701/v2/2560x1440.219.webp",https://streamoupload.xyz/embed-v75w1sesiokf.html
Alone Night (2026) Vasna Hindi Hot Short Film,hot_series,hot_series,https://pbs.twimg.com/media/HDYPrU8aMAYdMw2.jpg,https://streamoupload.xyz/embed-v75w1sesiokf.html
Indian hot girl janvibhabhi was fucked by her husband,hot_series,hot_series,https://pix-egi.phncdn.com/c6371/videos/202510/15/26317505/original_26317505.mp4/plain/ex:1:no/bg:0:0:0/rs:fit:1280:720/vts:25?validfrom=1751342400&validto=4891363200&hash=bfUfSV0lKOIcELONCEaY9QZ1qnc=,https://streamoupload.xyz/embed-v75w1sesiokf.html
Indian Father And Sister In Law XXX Porn Videos,hot_series,hot_series,https://pix-egi.phncdn.com/c6251/videos/202509/10/22117055/original/01993633-e09e-7eb4-8926-18969aa6afba.jpg/plain/rs:fit:1280:720?validfrom=1751342400&validto=4891363200&hash=ufS4NWdHvzyMOxb%2BJoJQwddg1Oc%3D,https://streamoupload.xyz/embed-v75w1sesiokf.html
Karma Sutra Cuck Chair Series Chapters 1 Sweet Karmababy,hot_series,hot_series,https://pbs.twimg.com/media/GPLLr8pW8AAujZF.jpg,https://streamoupload.xyz/embed-v75w1sesiokf.html
[CuckHunter] Eva Rojas (Gets Revenge With A Black BBC),hot_series,hot_series,https://degdumdjxfkja.cloudfront.net/fit-in/512x0/scene_thumbs/chi0273-1280x720-thumb.jpg,https://streamoupload.xyz/embed-v75w1sesiokf.html
"[Private] Kinuski, Ronya Rabe (Kinuski Shares Her Toy Boy With Ronya Rabe In An Anal Threesome)",hot_series,hot_series,https://pcom77.st-content.com/content/contentthumbs/506271.jpg,https://streamoupload.xyz/embed-v75w1sesiokf.html
[BrattySis] Emily Jade (I Want You To Hate Fuck Me Stepbro),hot_series,hot_series,https://brattyfamily.com/wp-content/uploads/2026/05/247124_thumb-1-1024x576.jpg,https://streamoupload.xyz/embed-v75w1sesiokf.html
[BeautyAndTheSenior] Liliana Lily (Hairy Beauty Fucked By Horny Senior),hot_series,hot_series,https://cdnstatic.imctransfer.com/static_01/144000/144123/image_midi_9.jpg,https://streamoupload.xyz/embed-v75w1sesiokf.html
"[FamilyStrokes] Daisy Fox, Lola Cheeks (I Cant Decide Whose Pussy Feels Better: Cam Girls Caught by Daddy!)",hot_series,hot_series,https://familystrokes.org/wp-content/uploads/2026/05/32029_thumb-1-1024x576.jpg,https://streamoupload.xyz/embed-v75w1sesiokf.html
[MonstersOfCock] Alana Rose (Takes The Giant Chocolate Cock/Bangbros),hot_series,hot_series,https://hookuphotshot.com/content/contentthumbs/15/45/11545-1x.jpg,https://streamoupload.xyz/embed-v75w1sesiokf.html
"[Hunt4K] Amber Bloom (Huge, huge, huge opportunities)",hot_series,hot_series,https://cdn.black4k.com/content/sets/023e4a99-7799-4f76-bbfd-365cbad60d37/8a4c1636-dde1-4e30-bc0f-d01f9dbfde39.webp,https://streamoupload.xyz/embed-v75w1sesiokf.html
[FreeUseFantasy] Aria Sloane (Freeuse Coping Mechanisms),hot_series,hot_series,https://images.psmcdn.net/teamskeet/fuf/aria_sloane/shared/med.jpg,https://streamoupload.xyz/embed-v75w1sesiokf.html
"[BrazzersExxtra] Beth Bennett, Sapphire Astrea (Good Morning Wood)",hot_series,hot_series,https://media-public-ht.project1content.com/m=eaSaaTbWx/b3e/5a5/70c/13b/476/1b3/b7e/8b5/5f9/27e/d5/poster/poster_01.jpg,https://streamoupload.xyz/embed-v75w1sesiokf.html
[RealityJunkies] Jade Valentine (Big Dicks Tiny Chicks 10 – Jade Valentine Needs A Big Cock),hot_series,hot_series,https://media-public-ht.project1content.com/m=eaSaaTbWx/f94/0e7/799/f45/4d8/395/cc2/cc0/6c1/907/09/poster/poster_01.jpg,https://streamoupload.xyz/embed-v75w1sesiokf.html
[Tiny4K] Aurora Vixen (Pixie Sized),hot_series,hot_series,https://cdn-images.r1.cdn.pornpros.com/content/videos/6/c/d/6cd9f3b3-3151-3863-aca2-e19b6cbe1302/sample_1400x786.jpg,https://streamoupload.xyz/embed-v75w1sesiokf.html
[BangSurprise] Ariana Starr (Ariana Starrs Wild Ride of Pure Pleasure),hot_series,hot_series,https://i.bang.com/screenshots/59291/movie/1/2036800.jpg,https://streamoupload.xyz/embed-v75w1sesiokf.html
[SneakySex] Kira Noir (Sexy Role Playing/Reality Kings),hot_series,hot_series,https://media-public-ht.project1content.com/m=eaSaaTbWx/111/58d/725/727/453/ba5/cb8/345/dbd/241/49/poster/poster_01.jpg,https://streamoupload.xyz/embed-v75w1sesiokf.html
"[RKPrime] Syren De Mer,Cecilia Lion (The Feather Fluffing Pillow Humper Gets Fucked)",hot_series,hot_series,https://media-public-ht.project1content.com/m=eaSaaTbWx/9cd/e3e/3bf/6f5/436/da0/28d/17c/833/167/71/poster/poster_01.jpg,https://streamoupload.xyz/embed-v75w1sesiokf.html
[BrazzersExxtra] Ho Ho Ho The Best Of The Holidays,hot_series,hot_series,https://media-public-ht.project1content.com/m=eaSaaTbWx/c26/8ed/26d/df6/4b4/0b8/0f9/149/691/9bb/e6/poster/poster_01.jpg,https://streamoupload.xyz/embed-v75w1sesiokf.html
[BrazzersExxtra] Sandy Love (Browse In My Store? I’ll Fuck You BOTH!),hot_series,hot_series,https://media-public-ht.project1content.com/m=eaSaaTbWx/7e8/c65/c9b/9cd/42d/d87/5f1/ba5/ec6/d9a/32/poster/poster_01.jpg,https://streamoupload.xyz/embed-v75w1sesiokf.html
[BrazzersExxtra] Mona Blue (Squirt Prank),hot_series,hot_series,https://media-public-ht.project1content.com/m=eaSaaTbWx/8e6/dbd/ef6/eec/49c/a91/56a/e01/7d7/6d7/15/poster/poster_01.jpg,https://streamoupload.xyz/embed-v75w1sesiokf.html
"[DevilsFilm] Elizabeth Skylar, Summer Kline (Do I Like Guys Or Girls?? #02)",hot_series,hot_series,https://transform.gammacdn.com/movies/162402/162402_02/previews/2/105/top_1_1920x1080/162402_02_01.jpg,https://streamoupload.xyz/embed-v75w1sesiokf.html
[BlacksOnBlondes] Julia James (DP Double Stuffing),hot_series,hot_series,https://transform.gammacdn.com/movies/162398/162398_01/previews/2/682/top_1_1920x1080/162398_01_01.jpg,https://streamoupload.xyz/embed-v75w1sesiokf.html
[BangSurprise] Katie Kush (Loves Getting It Rough),hot_series,hot_series,https://st.hoes.tube/contents/videos_sources/190000/190757/screenshots/1.jpg,https://streamoupload.xyz/embed-v75w1sesiokf.html
"[OnlyTarts] Maya Sinn, Julia North (No Lesson Just Pleasure)",hot_series,hot_series,https://static.onlytarts.com/gallery/482/3000/136.jpg,https://streamoupload.xyz/embed-v75w1sesiokf.html
[OnlyTarts] Yasmina Khan (For Onlytarts),hot_series,hot_series,https://static.onlytarts.com/poster/499/1900/6.jpg,https://streamoupload.xyz/embed-v75w1sesiokf.html
[BrazzersExxtra] Alexis Fawx (Brave New Hole),hot_series,hot_series,https://i.postimg.cc/K8YYZY0j/1781270245747.jpg,https://streamoupload.xyz/embed-v75w1sesiokf.html
[BreedingMaterial] Lilibet Saunders (Birth Control Isn’t Part of The Plan: Our Secret Breeding Session),hot_series,hot_series,https://i.postimg.cc/mkmB8cHg/1781315001215.jpg,https://streamoupload.xyz/embed-v75w1sesiokf.html
Private Love Affair (1993),hot_series,hot_series,https://image.tmdb.org/t/p/w185/13Qpiq2eh2O3kZ6RP8KlEfj2Dib.jpg,https://streamoupload.xyz/embed-v75w1sesiokf.html
Signore scandalose di provincia (1993),hot_series,hot_series,https://m.media-amazon.com/images/M/MV5BOTA3MTIwYzYtZDc4Ni00ZjcxLTllMTktZTc2MTY4ODU4NzQxXkEyXkFqcGc@._V1_FMjpg_UY709_.jpg,https://streamoupload.xyz/embed-v75w1sesiokf.html
Cunning Stunts (2009),hot_series,hot_series,https://image.tmdb.org/t/p/w185/hqfzUt8GH5K3eKGWTcIpwbgDkA9.jpg,https://streamoupload.xyz/embed-v75w1sesiokf.html
Saint-Tropez Vice (1987),hot_series,hot_series,https://m.media-amazon.com/images/M/MV5BNmJlNmZhNTMtNDI1NS00ZjZiLTgyOTAtYzdmMDgxN2Y0ZjVmXkEyXkFqcGc@._V1_FMjpg_UY684_.jpg,https://streamoupload.xyz/embed-v75w1sesiokf.html
Maid in Sweden (1971),hot_series,hot_series,https://m.media-amazon.com/images/M/MV5BMTcxODI3MTE0NV5BMl5BanBnXkFtZTcwMzg2MzE3MQ@@._V1_FMjpg_UX353_.jpg,https://streamoupload.xyz/embed-v75w1sesiokf.html
Lust for the Sun (1961),hot_series,hot_series,https://m.media-amazon.com/images/M/MV5BZWE3ZjE0NjgtMmNmOS00ZjYzLTliOWEtOTE0Y2ZhYTYzNzI0XkEyXkFqcGc@._V1_FMjpg_UY727_.jpg,https://streamoupload.xyz/embed-v75w1sesiokf.html
Flower and Snake 3: Punishment (1986),hot_series,hot_series,https://m.media-amazon.com/images/M/MV5BMTIxMDQzMDk3OV5BMl5BanBnXkFtZTcwMDM4MDEyMQ@@._V1_FMjpg_UX333_.jpg,https://streamoupload.xyz/embed-v75w1sesiokf.html
Manuela ou l’impossible plaisir (2003),hot_series,hot_series,https://imgs1cdn.adultempire.com/products/97/3363397h.jpg,https://streamoupload.xyz/embed-v75w1sesiokf.html
Cosplay Geeks 2,hot_series,hot_series,https://imgs1cdn.adultempire.com/products/50/1861450h.jpg,https://streamoupload.xyz/embed-v75w1sesiokf.html
OMG It’s The Spice Girls XXX Parody,hot_series,hot_series,https://imgs1cdn.adultempire.com/products/76/1641276h.jpg,https://streamoupload.xyz/embed-v75w1sesiokf.html
Boober Devil’s Film,hot_series,hot_series,https://imgs1cdn.adultempire.com/products/99/1957799h.jpg,https://streamoupload.xyz/embed-v75w1sesiokf.html
Official Bounty Hunter Parody 4,hot_series,hot_series,https://imgs1cdn.adultempire.com/products/72/1576572h.jpg,https://streamoupload.xyz/embed-v75w1sesiokf.html
Official Shaft Parody,hot_series,hot_series,https://imgs1cdn.adultempire.com/products/84/1561084h.jpg,https://streamoupload.xyz/embed-v75w1sesiokf.html
Cosplay Queens And Tied Up Teens,hot_series,hot_series,https://imgs1cdn.adultempire.com/products/75/1680475h.jpg,https://streamoupload.xyz/embed-v75w1sesiokf.html
Wonder Woman XXX: A Hardcore Parody,hot_series,hot_series,https://imgs1cdn.adultempire.com/products/48/1556048h.jpg,https://streamoupload.xyz/embed-v75w1sesiokf.html
Elvis XXX A Porn Parody,hot_series,hot_series,https://imgs1cdn.adultempire.com/products/88/1559988h.jpg,https://streamoupload.xyz/embed-v75w1sesiokf.html
Main Yahan Tu Wahan (2023) Season 1 Part 2 (Ullu Originals),hot_series,ullu,https://ingfree.website/ib/vfGPKQLAyv.jpg,https://streamoupload.xyz/embed-v75w1sesiokf.html
House Arrest (2025) Season 1 Episode 3 (Ullu Originals),hot_series,ullu,https://ingfree.website/ib/2YcoOs82hM.jpg,https://streamoupload.xyz/embed-v75w1sesiokf.html
Tadka (2025) Season 1 Part 1 (Ullu Originals),hot_series,ullu,https://ingfree.website/ib/8gqGbIVx3V.jpg,https://streamoupload.xyz/embed-v75w1sesiokf.html
Palang Tod (Siskiyaan) (2023) Season 4 Part 1 (Ullu Originals),hot_series,ullu,https://ingfree.website/ib/VpbK2DVEq7.jpg,https://streamoupload.xyz/embed-v75w1sesiokf.html
Dream Girl (2023) Season 1 Part 2 (Ullu Originals),hot_series,ullu,https://ingfree.website/ib/8rn2yVPyQd.jpg,https://streamoupload.xyz/embed-v75w1sesiokf.html
Samne Wali Khidki (2022) Season 1 Part 2 (Ullu Originals),hot_series,ullu,https://ingfree.website/ib/bqbJlYfjos.jpg,https://streamoupload.xyz/embed-v75w1sesiokf.html
Lady Finger (2022) Season 1 Part 1 (Ullu Originals),hot_series,ullu,https://ingfree.website/ib/FjEhj6vZdb.jpg,https://streamoupload.xyz/embed-v75w1sesiokf.html
I Love You (2023) Season 1 Part 1 (Ullu Originals),hot_series,ullu,https://ingfree.website/ib/YGs0zgUa9B.jpg,https://streamoupload.xyz/embed-v75w1sesiokf.html
